"study ID","Disease Name","Tissue/Cell Type","Data Source","Data Type","Organism","# DEGs"
"DSA00050","Sporadic Creutzfeldt-Jakob Disease","Frontal cortex","GEO","RNA-Seq","Homo sapiens","1000"
"DSA00129","Human Papilloma Virus Infection","Immortalized keratinocytes","GEO","scRNA-Seq","Homo sapiens","515"
"DSA00167","Dengue Disease","Blood","GEO","scRNA-Seq","Homo sapiens","1000"
"DSA00168","Dengue Disease","Blood","GEO","scRNA-Seq","Homo sapiens","1000"
"DSA00230","Sepsis","Blood","GEO","Microarray","Homo sapiens","1000"
"DSA00231","Sepsis","Blood","GEO","Microarray","Homo sapiens","1000"
"DSA00232","Influenza","Blood","GEO","Microarray","Homo sapiens","924"
"DSA00236","Tuberculosis","Blood","GEO","Microarray","Homo sapiens","1000"
"DSA00252","Kaposi Sarcoma","Null","GEO","RNA-Seq","Homo sapiens","1000"
"DSA00281","Influenza","Blood","GEO","Microarray","Homo sapiens","1000"
"DSA00282","Rhinitis","Bronchus","GEO","RNA-Seq","Homo sapiens","1"
"DSA00283","Rhinitis","Nasal","GEO","RNA-Seq","Homo sapiens","13"
"DSA00301","Pulmonary Infection","Lung","GEO","Microarray","Mus musculus","0"
"DSA00341","Whipple's Disease","Peripheral blood mononuclear cells (PBMCs)","GEO","Microarray","Homo sapiens","11"
"DSA00379","Rhinosinusitis","Nasal polyp","GEO","RNA-Seq","Homo sapiens","1000"
"DSA00380","Rhinosinusitis","Nasal polyp","GEO","RNA-Seq","Homo sapiens","1000"
"DSA00387","Tuberculosis","Blood","GEO","RNA-Seq","Mus musculus","1000"
"DSA00397","Sepsis","Brain","GEO","Microarray","Mus musculus","0"
"DSA00398","Sepsis","Heart","GEO","Microarray","Mus musculus","20"
"DSA00401","Sepsis","Kidney","GEO","Microarray","Mus musculus","9"
"DSA00404","Sepsis","Liver","GEO","Microarray","Mus musculus","11"
"DSA00407","Sepsis","Lung","GEO","Microarray","Mus musculus","0"
"DSA00409","Tuberculosis","Blood","GEO","RNA-Seq","Mus musculus","1000"
"DSA00410","Tuberculosis","Blood","GEO","RNA-Seq","Mus musculus","1000"
"DSA00411","Tuberculosis","Blood","GEO","RNA-Seq","Mus musculus","1000"
"DSA00412","Tuberculosis","Blood","GEO","RNA-Seq","Mus musculus","1000"
"DSA00441","Tuberculosis","Blood","GEO","RNA-Seq","Mus musculus","1000"
"DSA00442","Tuberculosis","Blood","GEO","RNA-Seq","Mus musculus","1000"
"DSA00456","Tuberculosis","Blood","GEO","RNA-Seq","Mus musculus","1000"
"DSA00467","Tuberculosis","Lung","GEO","RNA-Seq","Mus musculus","1000"
"DSA00488","Encephalomyelitis","Spinal cord","GEO","RNA-Seq","Mus musculus","742"
"DSA00490","Tuberculosis","Blood","GEO","RNA-Seq","Homo sapiens","1000"
"DSA00504","Tuberculosis","Lung","GEO","RNA-Seq","Mus musculus","1000"
"DSA00510","Pulmonary Tuberculosis","Blood","GEO","Microarray","Homo sapiens","0"
"DSA00528","Tuberculosis","Lung","GEO","RNA-Seq","Mus musculus","1000"
"DSA00535","Tuberculosis","Lung","GEO","RNA-Seq","Mus musculus","1000"
"DSA00543","Infection Due To Toxoplasma Gondii","Sperm","GEO","RNA-Seq","Mus musculus","1000"
"DSA00545","Osteomyelitis","Blood cells","GEO","RNA-Seq","Homo sapiens","1000"
"DSA00681","Hepatitis C","CD8+ T cells","GEO","Microarray","Homo sapiens","367"
"DSA00682","Hepatitis C","CD8+ T cells","GEO","Microarray","Homo sapiens","2"
"DSA00683","Hepatitis C","CD8+ T cells","GEO","Microarray","Homo sapiens","3"
"DSA00684","Hepatitis C","CD8+ T cells","GEO","Microarray","Homo sapiens","652"
"DSA00686","Tuberculous Meningitis","Blood","GEO","RNA-Seq","Homo sapiens","1000"
"DSA00711","Q Fever","Blood","GEO","Microarray","Homo sapiens","1000"
"DSA00712","Q Fever","Blood","GEO","Microarray","Homo sapiens","1000"
"DSA00769","Visceral Leishmaniasis","Blood","GEO","Microarray","Homo sapiens","975"
"DSA00794","Tuberculosis","Blood","GEO","RNA-Seq","Homo sapiens","1000"
"DSA00795","Tuberculosis","Blood","GEO","RNA-Seq","Homo sapiens","1000"
"DSA00819","Cutaneous Leishmaniasis","Skin","GEO","RNA-Seq","Homo sapiens","1000"
"DSA00845","Chagas Disease","Human umbilical vein endothelial cells","GEO","Microarray","Homo sapiens","50"
"DSA00846","Sepsis","Monocyte-derived macrophages","GEO","Microarray","Homo sapiens","396"
"DSA00847","Sepsis","Monocyte-derived macrophages","GEO","Microarray","Homo sapiens","1000"
"DSA00848","Sepsis","Monocyte-derived macrophages","GEO","Microarray","Homo sapiens","0"
"DSA00849","Sepsis","Monocyte-derived macrophages","GEO","Microarray","Homo sapiens","0"
"DSA00858","Tuberculosis","Null","GEO","RNA-Seq","Homo sapiens","157"
"DSA00859","West Nile Virus Infection","Airway epithelial cells","GEO","RNA-Seq","Homo sapiens","1000"
"DSA00860","West Nile Virus Infection","Airway epithelial cells","GEO","RNA-Seq","Homo sapiens","1000"
"DSA00861","Hidradenitis Suppurativa","Skin","GEO","Microarray","Homo sapiens","1000"
"DSA00879","Leprosy","Blood","GEO","RNA-Seq","Homo sapiens","1000"
"DSA00932","Chronic Fatigue Syndrome","Peripheral blood","GEO","RNA-Seq","Homo sapiens","7"
"DSA00933","Q Fever","Peripheral blood","GEO","RNA-Seq","Homo sapiens","389"
"DSA00934","Q Fever","Peripheral blood","GEO","RNA-Seq","Homo sapiens","28"
"DSA00950","Tuberculosis","Lung","GEO","RNA-Seq","Homo sapiens","1000"
"DSA00999","Tuberculosis Infection","Peripheral blood","GEO","RNA-Seq","Homo sapiens","8"
"DSA01000","Tuberculosis Infection","Peripheral blood","GEO","RNA-Seq","Homo sapiens","1"
"DSA01001","Tuberculosis Infection","Peripheral blood","GEO","RNA-Seq","Homo sapiens","0"
"DSA01002","Tuberculosis Infection","Peripheral blood","GEO","RNA-Seq","Homo sapiens","0"
"DSA01155","Sepsis","Blood","GEO","RNA-Seq","Homo sapiens","85"
"DSA01167","Encephalomyelitis","Hindbrain","GEO","RNA-Seq","Mus musculus","287"
"DSA01168","Encephalomyelitis","Hindbrain","GEO","RNA-Seq","Mus musculus","1000"
"DSA01169","Encephalomyelitis","Hindbrain","GEO","RNA-Seq","Mus musculus","581"
"DSA01170","Encephalomyelitis","Hindbrain","GEO","RNA-Seq","Mus musculus","949"
"DSA01171","Encephalomyelitis","Hindbrain","GEO","RNA-Seq","Mus musculus","621"
"DSA01172","Encephalomyelitis","Hindbrain","GEO","RNA-Seq","Mus musculus","1000"
"DSA01189","Typhoid Fever","Gall bladder","GEO","RNA-Seq","Mus musculus","1000"
"DSA01190","Typhoid Fever","Gall bladder","GEO","RNA-Seq","Mus musculus","1000"
"DSA01196","Chronic Mucocutaneous Candidiasis","Dermis","GEO","Microarray","Homo sapiens","450"
"DSA01197","Chronic Mucocutaneous Candidiasis","Dermis","GEO","Microarray","Homo sapiens","188"
"DSA01198","Chronic Mucocutaneous Candidiasis","Dermis","GEO","Microarray","Homo sapiens","501"
"DSA01199","Chronic Mucocutaneous Candidiasis","Dermis","GEO","Microarray","Homo sapiens","453"
"DSA01222","Hidradenitis Suppurativa","Skin","GEO","Microarray","Homo sapiens","1000"
"DSA01223","Hidradenitis Suppurativa","Skin","GEO","Microarray","Homo sapiens","3"
"DSA01274","Malaria","Splenic red pulp macrophages","GEO","Microarray","Mus musculus","0"
"DSA01275","Malaria","Splenic red pulp macrophages","GEO","Microarray","Mus musculus","0"
"DSA01278","Malaria","Monocytes","GEO","RNA-Seq","Mus musculus","1000"
"DSA01279","Malaria","Monocytes","GEO","RNA-Seq","Mus musculus","1000"
"DSA01280","Malaria","Monocytes","GEO","RNA-Seq","Mus musculus","324"
"DSA01281","Malaria","Monocytes","GEO","RNA-Seq","Mus musculus","104"
"DSA01429","Plasmodium Falciparum Malaria","Polymorphonuclear leukocytes","GEO","Microarray","Homo sapiens","1000"
"DSA01454","Hepatitis B","Liver","GEO","Microarray","Homo sapiens","0"
"DSA01466","Acne Inversa","Skin","GEO","RNA-Seq","Homo sapiens","1000"
"DSA01479","Malaria","Liver","GEO","RNA-Seq","Mus musculus","1000"
"DSA01480","Malaria","Lung","GEO","RNA-Seq","Mus musculus","466"
"DSA01481","Malaria","Spleen","GEO","RNA-Seq","Mus musculus","987"
"DSA01607","Pulmonary Tuberculosis","Whole blood","GEO","Microarray","Homo sapiens","0"
"DSA01608","Falciparum Malaria","Blood","GEO","Microarray","Homo sapiens","340"
"DSA01611","Hepatitis B","Blood","GEO","Microarray","Homo sapiens","0"
"DSA01670","Leprosy","Skin","ArrayExpress","RNA-Seq","Homo sapiens","655"
"DSA01671","Leprosy","Skin","ArrayExpress","RNA-Seq","Homo sapiens","1000"
"DSA01672","Leprosy","Skin","ArrayExpress","RNA-Seq","Homo sapiens","1000"
"DSA01674","Leprosy","Skin","ArrayExpress","RNA-Seq","Homo sapiens","1000"
"DSA01675","Leprosy","Skin","ArrayExpress","RNA-Seq","Homo sapiens","1000"
"DSA01706","Leprosy","Skin","ArrayExpress","RNA-Seq","Homo sapiens","1000"
"DSA01733","Acquired Immunodeficiency Syndrome","Blood plasma","ArrayExpress","RNA-Seq","Homo sapiens","1000"
"DSA01736","Hepatitis C","Blood plasma","ArrayExpress","RNA-Seq","Homo sapiens","1000"
"DSA01744","Acne Inversa","Skin","GEO","RNA-Seq","Homo sapiens","1000"
"DSA01761","Influenza","CD4+ T cells","GEO","Microarray","Homo sapiens","1000"
"DSA01766","Acute Tonsillitis","CD4+ T cells","GEO","Microarray","Homo sapiens","1000"
"DSA01784","Septic Shock","Peripheral granulocytes","GEO","Microarray","Homo sapiens","1000"
"DSA01786","Septic Shock","Peripheral NK cell","GEO","Microarray","Homo sapiens","192"
"DSA01796","Hepatitis B","Plasma","GEO","RNA-Seq","Homo sapiens","9"
"DSA01827","Sporadic Creutzfeldt-Jakob Disease","Frontal cortex","GEO","Microarray","Homo sapiens","1000"
"DSA01831","Tuberculosis","Whole blood","GEO","Microarray","Mus musculus","0"
"DSA01832","Tuberculosis","Whole blood","GEO","Microarray","Mus musculus","0"
"DSA01833","Tuberculosis","Whole blood","GEO","Microarray","Mus musculus","1"
"DSA01834","Tuberculosis","Whole blood","GEO","Microarray","Mus musculus","1"
"DSA01835","Tuberculosis","Whole blood","GEO","Microarray","Mus musculus","0"
"DSA01863","Schistosomiasis","Spleen","GEO","Microarray","Mus musculus","1000"
"DSA01874","Hepatitis C","Null","GEO","Microarray","Homo sapiens","444"
"DSA01875","Hepatitis C","Null","GEO","Microarray","Homo sapiens","1000"
"DSA01876","Hepatitis C","Null","GEO","Microarray","Homo sapiens","1000"
"DSA01877","Hepatitis C","Null","GEO","Microarray","Homo sapiens","1000"
"DSA01878","Hepatitis C","Null","GEO","Microarray","Homo sapiens","1000"
"DSA01932","Influenza","Blood","GEO","Microarray","Homo sapiens","1000"
"DSA01948","Sepsis","Blood","GEO","Microarray","Homo sapiens","1000"
"DSA01949","Sepsis","Blood","GEO","Microarray","Homo sapiens","1000"
"DSA01984","Meningeal Tuberculosis","Cortex","GEO","Microarray","Homo sapiens","0"
"DSA01999","Influenza","Peripheral blood mononuclear cells (PBMCs)","GEO","Microarray","Homo sapiens","1000"
"DSA02009","HIV encephalitis","Brain","GEO","Microarray","Homo sapiens","1"
"DSA02040","Bacterial Pneumonia","Blood","GEO","Microarray","Homo sapiens","1000"
"DSA02041","Influenza And Pneumonia","Blood","GEO","Microarray","Homo sapiens","1000"
"DSA02055","Tuberculosis","Blood","GEO","Microarray","Homo sapiens","1000"
"DSA02075","Bk Viral Infection","Blood","GEO","Microarray","Homo sapiens","0"
"DSA02076","Bk Viral Infection","Blood","GEO","Microarray","Homo sapiens","0"
"DSA02077","Bk Virus Nephropathy","Null","GEO","Microarray","Homo sapiens","1000"
"DSA02086","Sepsis","Mononuclear cells","GEO","Microarray","Homo sapiens","9"
"DSA02087","Sepsis","Mononuclear cells","GEO","Microarray","Homo sapiens","1"
"DSA02088","Sepsis","Mononuclear cells","GEO","Microarray","Homo sapiens","15"
"DSA02089","Sepsis","Mononuclear cells","GEO","Microarray","Homo sapiens","3"
"DSA02129","Dengue Disease","Blood","GEO","Microarray","Homo sapiens","1000"
"DSA02130","Dengue Disease","Blood","GEO","Microarray","Homo sapiens","1000"
"DSA02131","Dengue Disease","Blood","GEO","Microarray","Homo sapiens","5"
"DSA02149","Tuberculosis","Peripheral blood mononuclear cells (PBMCs)","GEO","Microarray","Homo sapiens","1000"
"DSA02162","Hepatitis B","Peripheral blood mononuclear cells (PBMCs)","GEO","Microarray","Homo sapiens","1000"
"DSA02164","Hepatitis C","Blood","GEO","Microarray","Homo sapiens","1000"
"DSA02198","Cutaneous Leishmaniasis","Null","GEO","Microarray","Homo sapiens","2"
"DSA02199","Cutaneous Leishmaniasis","Null","GEO","Microarray","Homo sapiens","0"
"DSA02200","Cutaneous Leishmaniasis","Null","GEO","Microarray","Homo sapiens","0"
"DSA02201","Cutaneous Leishmaniasis","Null","GEO","Microarray","Homo sapiens","0"
"DSA02208","Respiratory Syncytial Virus Infectious Disease","Blood","GEO","Microarray","Homo sapiens","1000"
"DSA02209","Respiratory Syncytial Virus Infectious Disease","Blood","GEO","Microarray","Homo sapiens","1000"
"DSA02216","Acute Appendicitis","Appendix","GEO","Microarray","Homo sapiens","137"
"DSA02217","Septic Shock","Blood","GEO","Microarray","Homo sapiens","1000"
"DSA02225","Influenza","Lymph node","GEO","Microarray","Mus musculus","1000"
"DSA02234","Tuberculosis","Lung","GEO","Microarray","Mus musculus","85"
"DSA02235","Tuberculosis","Lung","GEO","Microarray","Mus musculus","1000"
"DSA02412","Severe Acute Respiratory Syndrome","Blood","GEO","Microarray","Homo sapiens","134"
"DSA02441","Sepsis","Splenocytes","GEO","Microarray","Mus musculus","122"
"DSA02485","Rift Valley Fever","Embryonic fibroblasts","GEO","Microarray","Mus musculus","43"
"DSA02486","Rift Valley Fever","Embryonic fibroblasts","GEO","Microarray","Mus musculus","303"
"DSA02609","Sepsis","Circulating mononuclear cells","GEO","Microarray","Homo sapiens","0"
"DSA02610","Sepsis","Circulating mononuclear cells","GEO","Microarray","Homo sapiens","0"
"DSA02611","Sepsis","Circulating mononuclear cells","GEO","Microarray","Homo sapiens","0"
"DSA02612","Sepsis","Circulating mononuclear cells","GEO","Microarray","Homo sapiens","0"
"DSA02636","Severe Acute Respiratory Syndrome","Lung","ArrayExpress","RNA-Seq","Mus musculus","1000"
"DSA02637","Severe Acute Respiratory Syndrome","Lung","ArrayExpress","RNA-Seq","Mus musculus","1000"
"DSA02654","Candidemia","Whole blood","GEO","RNA-Seq","Homo sapiens","1000"
"DSA02655","Candidemia","Whole blood","GEO","RNA-Seq","Homo sapiens","1000"
"DSA02673","Bacterial Infection","Blood","ArrayExpress","RNA-Seq","Homo sapiens","1000"
"DSA02708","Viral Infection","Blood","ArrayExpress","RNA-Seq","Homo sapiens","1000"
"DSA02759","Visceral Leishmaniasis","Whole blood","ArrayExpress","RNA-Seq","Homo sapiens","1000"
"DSA02799","Gingivitis","Gingiva","GEO","RNA-Seq","Homo sapiens","40"
"DSA02800","Gram-Negative Sepsis","Blood","GEO","RNA-Seq","Homo sapiens","1000"
"DSA02801","Gram-Negative Sepsis","Blood","GEO","RNA-Seq","Homo sapiens","601"
"DSA02814","Hydrosalpinx (Disease)","Fallopian tube","GEO","RNA-Seq","Homo sapiens","1000"
"DSA02834","Cerebral Malaria","Blood","ArrayExpress","RNA-Seq","Homo sapiens","0"
"DSA02836","Osteomyelitis","Bone","GEO","RNA-Seq","Mus musculus","346"
"DSA02837","Osteomyelitis","Bone","GEO","RNA-Seq","Mus musculus","1000"
"DSA02846","Invasive Aspergillosis","Blood","GEO","RNA-Seq","Homo sapiens","1000"
"DSA02861","Leptospirosis","Murine bone marrow-derived macrophages (BMDMs)","GEO","RNA-Seq","Mus musculus","1000"
"DSA02862","Leptospirosis","Murine bone marrow-derived macrophages (BMDMs)","GEO","RNA-Seq","Mus musculus","1000"
"DSA02863","Leptospirosis","Murine bone marrow-derived macrophages (BMDMs)","GEO","RNA-Seq","Mus musculus","1000"
"DSA02864","Leptospirosis","Murine bone marrow-derived macrophages (BMDMs)","GEO","RNA-Seq","Mus musculus","1000"
"DSA02889","African Trypanosomiasis","Adipose tissue","ArrayExpress","RNA-Seq","Mus musculus","1000"
"DSA02904","Tuberculosis","Blood","ArrayExpress","RNA-Seq","Homo sapiens","1"
"DSA02913","Tuberculosis","Blood","ArrayExpress","RNA-Seq","Homo sapiens","1000"
"DSA02946","Fungal Keratitis","Cornea","ArrayExpress","RNA-Seq","Homo sapiens","198"
"DSA02947","Fungal Keratitis","Cornea","ArrayExpress","RNA-Seq","Homo sapiens","179"
"DSA02958","Pfapa Syndrome","Whole blood","GEO","Microarray","Homo sapiens","0"
"DSA02959","Pfapa Syndrome","Whole blood","GEO","Microarray","Homo sapiens","1000"
"DSA02966","Tuberculosis","Blood","ArrayExpress","RNA-Seq","Homo sapiens","1000"
"DSA02980","Tuberculosis","Blood","ArrayExpress","RNA-Seq","Homo sapiens","156"
"DSA02981","Tuberculosis","Blood","ArrayExpress","RNA-Seq","Homo sapiens","8"
"DSA02982","Tuberculosis","Blood","ArrayExpress","RNA-Seq","Homo sapiens","1000"
"DSA02983","Tuberculosis","Blood","ArrayExpress","RNA-Seq","Homo sapiens","1000"
"DSA03002","Sepsis","Lung","GEO","RNA-Seq","Mus musculus","149"
"DSA03003","Sepsis","Circulating immune cells","GEO","scRNA-Seq","Homo sapiens","1000"
"DSA03055","Sepsis","Whole blood","GEO","Microarray","Homo sapiens","1000"
"DSA03056","Sepsis","Whole blood","GEO","Microarray","Homo sapiens","1000"
"DSA03057","Sepsis","Whole blood","GEO","Microarray","Homo sapiens","1000"
"DSA03058","Sepsis","Whole blood","GEO","Microarray","Homo sapiens","1000"
"DSA03142","Tuberculosis","Bone marrow","GEO","RNA-Seq","Mus musculus","1000"
"DSA03143","Tuberculosis","Bone marrow","GEO","RNA-Seq","Mus musculus","1000"
"DSA03188","Pulmonary Tuberculosis","Bronchus","GEO","Microarray","Homo sapiens","1000"
"DSA03190","Tuberculosis","Peripheral blood","GEO","Microarray","Homo sapiens","530"
"DSA03195","Sepsis","Circulating CD14+ monocytes","GEO","RNA-Seq","Homo sapiens","1000"
"DSA03216","Acquired Immunodeficiency Syndrome","Peripheral blood","GEO","Microarray","Homo sapiens","1000"
"DSA03227","Tuberculosis","Blood","GEO","RNA-Seq","Mus musculus","1000"
"DSA03228","Tuberculosis","Lung","GEO","RNA-Seq","Mus musculus","1000"
"DSA03244","Acquired Immunodeficiency Syndrome","Blood","GEO","Microarray","Homo sapiens","1000"
"DSA03245","Acquired Immunodeficiency Syndrome","Blood","GEO","Microarray","Homo sapiens","1000"
"DSA03246","Acquired Immunodeficiency Syndrome","Blood","GEO","Microarray","Homo sapiens","1000"
"DSA03247","Tuberculous Meningitis","Frontal cortex","GEO","Microarray","Homo sapiens","1000"
"DSA03328","Cerebral Malaria","Brain","GEO","Microarray","Mus musculus","0"
"DSA03329","Cerebral Malaria","Spleen","GEO","Microarray","Mus musculus","1000"
"DSA03365","H1N1 Influenza","Lung","GEO","Microarray","Mus musculus","9"
"DSA03458","Tuberculosis","Peripheral blood","GEO","Microarray","Homo sapiens","1000"
"DSA03501","H1N1 Influenza","UPN727","GEO","Microarray","Homo sapiens","46"
"DSA03502","Bacterial Pneumonia","UPN727","GEO","Microarray","Homo sapiens","1000"
"DSA03507","AIDS Dementia","White matter","GEO","Microarray","Homo sapiens","0"
"DSA03508","AIDS Dementia","White matter","GEO","Microarray","Homo sapiens","1000"
"DSA03509","AIDS Dementia","Frontal cortex","GEO","Microarray","Homo sapiens","1000"
"DSA03510","AIDS Dementia","Frontal cortex","GEO","Microarray","Homo sapiens","1000"
"DSA03511","AIDS Dementia","Basal ganglia","GEO","Microarray","Homo sapiens","0"
"DSA03512","AIDS Dementia","Basal ganglia","GEO","Microarray","Homo sapiens","1000"
"DSA03527","Polycystic Lipomembranous Osteodysplasia With Sclerosing Leukoencephalopathy 1","Monocyte","GEO","Microarray","Homo sapiens","4"
"DSA03535","Hepatitis E","Blood","GEO","Microarray","Homo sapiens","0"
"DSA03536","Hepatitis E","CD14+monocytes","GEO","Microarray","Homo sapiens","0"
"DSA03547","Chronic Rhinosinusitis","Uncinate tissue","GEO","Microarray","Homo sapiens","4"
"DSA03548","Chronic Rhinosinusitis","Uncinate tissue","GEO","Microarray","Homo sapiens","0"
"DSA03635","Hepatitis C","Liver","GEO","Microarray","Homo sapiens","952"
"DSA03636","Hepatitis C","Liver","GEO","Microarray","Homo sapiens","688"
"DSA03651","Tropical Spastic Paraparesis","Peripheral blood","GEO","Microarray","Homo sapiens","1000"
"DSA03655","Hepatitis C","Liver","GEO","Microarray","Homo sapiens","1000"
"DSA03672","Endotoxemia","Adipose tissue","GEO","Microarray","Homo sapiens","1000"
"DSA03673","Endotoxemia","Adipose tissue","GEO","Microarray","Homo sapiens","335"
"DSA03674","Endotoxemia","Adipose tissue","GEO","Microarray","Homo sapiens","1"
"DSA03719","Hepatitis C","Peripheral blood mononuclear cells (PBMCs)","GEO","Microarray","Homo sapiens","0"
"DSA03720","Hepatitis C","Peripheral blood mononuclear cells (PBMCs)","GEO","Microarray","Homo sapiens","25"
"DSA03739","Bacterial Meningitis","Peripheral blood","GEO","Microarray","Homo sapiens","675"
"DSA03740","Bacterial Meningitis","Peripheral blood","GEO","Microarray","Homo sapiens","1000"
"DSA03759","Spondylitis","Spine","GEO","Microarray","Mus musculus","405"
"DSA03760","Tuberculosis","Blood","GEO","Microarray","Homo sapiens","0"
"DSA03761","Tuberculosis","Blood","GEO","Microarray","Homo sapiens","0"
"DSA03767","Hepatitis B","Peripheral blood mononuclear cells (PBMCs)","GEO","RNA-Seq","Homo sapiens","658"
"DSA03808","Hidradenitis Suppurativa","Skin","GEO","RNA-Seq","Homo sapiens","1000"
"DSA03809","Hidradenitis Suppurativa","Whole blood","GEO","RNA-Seq","Homo sapiens","1000"
"DSA03821","Erythema Migrans","Skin","GEO","Microarray","Homo sapiens","1000"
"DSA03822","Erythema Migrans","Skin","GEO","Microarray","Homo sapiens","1000"
"DSA03823","Septic Shock","Blood","GEO","RNA-Seq","Homo sapiens","1000"
"DSA03824","Septic Shock","Blood","GEO","RNA-Seq","Homo sapiens","1000"
"DSA03825","Sepsis","Blood","GEO","RNA-Seq","Homo sapiens","1000"
"DSA03826","Sepsis","Blood","GEO","RNA-Seq","Homo sapiens","1000"
"DSA03827","Sepsis","Blood","GEO","RNA-Seq","Homo sapiens","1000"
"DSA03838","Hidradenitis Suppurativa","Skin","GEO","RNA-Seq","Homo sapiens","1000"
"DSA03839","Hidradenitis Suppurativa","Skin","GEO","RNA-Seq","Homo sapiens","1000"
"DSA03840","Hidradenitis Suppurativa","Skin","GEO","RNA-Seq","Homo sapiens","1000"
"DSA03841","Hidradenitis Suppurativa","Skin","GEO","RNA-Seq","Homo sapiens","1000"
"DSA03980","Pneumocystis Pneumonia","Lung","GEO","scRNA-Seq","Mus musculus","1000"
"DSA03981","Pneumocystis Pneumonia","Lung","GEO","scRNA-Seq","Mus musculus","1000"
"DSA03982","Pneumocystis Pneumonia","Lung","GEO","scRNA-Seq","Mus musculus","1000"
"DSA03983","Pneumocystis Pneumonia","Lung","GEO","scRNA-Seq","Mus musculus","1000"
"DSA03984","Pneumocystis Pneumonia","Lung","GEO","scRNA-Seq","Mus musculus","1000"
"DSA03991","Sepsis","Null","GEO","Microarray","Homo sapiens","0"
"DSA03993","Sepsis","Null","GEO","Microarray","Homo sapiens","1000"
"DSA04004","Rift Valley Fever","Embryonic fibroblasts","GEO","Microarray","Mus musculus","6"
"DSA04005","Acquired Immunodeficiency Syndrome","Peripheral blood mononuclear cells (PBMCs)","GEO","scRNA-Seq","Homo sapiens","1000"
"DSA04008","Herpes Simplex Virus Encephalitis","Primary fibroblasts","GEO","RNA-Seq","Homo sapiens","1000"
"DSA04009","Herpes Simplex Virus Encephalitis","Primary fibroblasts","GEO","RNA-Seq","Homo sapiens","1000"
"DSA04010","Herpes Simplex Virus Encephalitis","Primary fibroblasts","GEO","RNA-Seq","Homo sapiens","1000"
"DSA04011","Herpes Simplex Virus Encephalitis","Primary fibroblasts","GEO","RNA-Seq","Homo sapiens","1000"
"DSA04012","Herpes Simplex Virus Encephalitis","Primary fibroblasts","GEO","RNA-Seq","Homo sapiens","1000"
"DSA04024","Rift Valley Fever","Embryonic fibroblasts","GEO","Microarray","Mus musculus","6"
"DSA04031","Pharyngitis","Whole blood","GEO","RNA-Seq","Homo sapiens","1000"
"DSA04032","Pharyngitis","Whole blood","GEO","RNA-Seq","Homo sapiens","1000"
"DSA04033","Pharyngitis","Whole blood","GEO","RNA-Seq","Homo sapiens","1000"
"DSA04034","Pharyngitis","Whole blood","GEO","RNA-Seq","Homo sapiens","527"
"DSA04035","Pharyngitis","Whole blood","GEO","RNA-Seq","Homo sapiens","479"
"DSA04036","Pharyngitis","Whole blood","GEO","RNA-Seq","Homo sapiens","368"
"DSA04037","Pharyngitis","Whole blood","GEO","RNA-Seq","Homo sapiens","1000"
"DSA04038","Pharyngitis","Whole blood","GEO","RNA-Seq","Homo sapiens","450"
"DSA04039","Pharyngitis","Whole blood","GEO","RNA-Seq","Homo sapiens","360"
"DSA04053","Pharyngitis","Nasal-associated lymphoid tissue","GEO","Microarray","Mus musculus","0"
"DSA04060","Hemorrhagic Fever With Renal Syndrome","Blood Peripheral blood mononuclear cells (PBMCs)","GEO","RNA-Seq","Homo sapiens","81"
"DSA04067","Tuberculosis","Whole blood","GEO","Microarray","Mus musculus","73"
"DSA04068","Tuberculosis","Whole blood","GEO","Microarray","Mus musculus","1000"
"DSA04069","Tuberculosis","Whole blood","GEO","Microarray","Mus musculus","1000"
"DSA04075","Chagas Disease","T. cruzi-Infected Mo-DCs","GEO","RNA-Seq","Homo sapiens","0"
"DSA04081","Chronic Rhinosinusitis","Sinus mucosa","GEO","Microarray","Homo sapiens","118"
"DSA04120","Chronic Rhinosinusitis","Sinus mucosa","GEO","Microarray","Homo sapiens","225"
"DSA04148","Leprosy","Peripheral blood","GEO","RNA-Seq","Homo sapiens","31"
"DSA04149","Leprosy","Peripheral blood","GEO","RNA-Seq","Homo sapiens","1000"
"DSA04164","Hepatitis C, Chronic","Kidney","GEO","Microarray","Homo sapiens","140"
"DSA04165","Latent Tuberculosis","5 day monocyte-derived macrophages","GEO","Microarray","Homo sapiens","390"
"DSA04166","Pulmonary Tuberculosis","5 day monocyte-derived macrophages","GEO","Microarray","Homo sapiens","12"
"DSA04167","Meningeal Tuberculosis","5 day monocyte-derived macrophages","GEO","Microarray","Homo sapiens","268"
"DSA04198","Malaria","Peripheral blood","GEO","RNA-Seq","Homo sapiens","53"
"DSA04199","Malaria","Peripheral blood","GEO","RNA-Seq","Homo sapiens","1000"
"DSA04243","Sepsis","Blood Peripheral blood mononuclear cells (PBMCs)","GEO","RNA-Seq","Homo sapiens","0"
"DSA04244","Sepsis","Blood Peripheral blood mononuclear cells (PBMCs)","GEO","RNA-Seq","Homo sapiens","1000"
"DSA04245","Septicemia","Vastus lateralis","GEO","Microarray","Homo sapiens","1000"
"DSA04282","Acquired Immunodeficiency Syndrome","Primary bronchial epithelial cells","GEO","Microarray","Homo sapiens","1000"
"DSA04283","Acquired Immunodeficiency Syndrome","Primary bronchial epithelial cells","GEO","Microarray","Homo sapiens","1000"
"DSA04284","Acquired Immunodeficiency Syndrome","Primary bronchial epithelial cells","GEO","Microarray","Homo sapiens","1000"
"DSA04285","Acquired Immunodeficiency Syndrome","Primary bronchial epithelial cells","GEO","Microarray","Homo sapiens","0"
"DSA04299","Echinococcosis","Serum exosomes","GEO","RNA-Seq","Homo sapiens","112"
"DSA04302","Multidrug-Resistant Tuberculosis","Null","GEO","Microarray","Homo sapiens","0"
"DSA04303","Drug-Sensitive Tuberculosis(Ds-Tb)","Null","GEO","Microarray","Homo sapiens","0"
"DSA04320","Chagas Disease","Fibroblasts","GEO","Microarray","Homo sapiens","1000"
"DSA04321","Chagas Disease","Fibroblasts","GEO","Microarray","Homo sapiens","0"
"DSA04344","Chagas Disease","Endothelial cells","GEO","Microarray","Homo sapiens","0"
"DSA04345","Chagas Disease","Endothelial cells","GEO","Microarray","Homo sapiens","175"
"DSA04358","Chagas Disease","Smooth muscle cells","GEO","Microarray","Homo sapiens","0"
"DSA04360","Chagas Disease","Smooth muscle cells","GEO","Microarray","Homo sapiens","144"
"DSA04368","Sepsis","Blood","GEO","RNA-Seq","Homo sapiens","1000"
"DSA04381","Non-Bacterial Osteomyelitis","Whole blood","GEO","RNA-Seq","Homo sapiens","0"
"DSA04420","Nasu-Hakola Disease","Occipital cortex","GEO","RNA-Seq","Homo sapiens","1000"
"DSA04424","Neurotoxoplasmosis","Cerebellum","GEO","Microarray","Mus musculus","230"
"DSA04425","Neurotoxoplasmosis","Cerebellum","GEO","Microarray","Mus musculus","33"
"DSA04426","Neurotoxoplasmosis","Cerebrum","GEO","Microarray","Mus musculus","149"
"DSA04427","Neurotoxoplasmosis","Cerebrum","GEO","Microarray","Mus musculus","1"
"DSA04458","Rhinitis","Nasal airway epithelium","GEO","Microarray","Homo sapiens","3"
"DSA04459","Rhinitis","Nasal airway epithelium","GEO","Microarray","Homo sapiens","19"
"DSA04477","Tuberculosis","Lung","GEO","Microarray","Homo sapiens","0"
"DSA04486","Measles","Blood","GEO","Microarray","Homo sapiens","19"
"DSA04584","Tuberculosis","Peripheral blood","GEO","Microarray","Homo sapiens","1000"
"DSA04585","Tuberculosis","Peripheral blood","GEO","Microarray","Homo sapiens","1000"
"DSA04632","Lyme Disease","Blood Peripheral blood mononuclear cells (PBMCs)","GEO","RNA-Seq","Homo sapiens","1000"
"DSA04640","Sepsis","Whole blood","GEO","RNA-Seq","Homo sapiens","502"
"DSA04646","Tuberculosis","Lymph node","GEO","Microarray","Homo sapiens","1000"
"DSA04672","Sepsis","Null","GEO","Microarray","Homo sapiens","1000"
"DSA04713","Gram-Negative Sepsis","Primary human monocytes","GEO","Microarray","Homo sapiens","0"
"DSA04714","Tuberculosis","Primary human monocytes","GEO","Microarray","Homo sapiens","0"
"DSA04809","Tuberculosis","Monocytes","GEO","RNA-Seq","Homo sapiens","1000"
"DSA04810","Tuberculosis","Monocytes","GEO","RNA-Seq","Homo sapiens","1000"
"DSA04827","Tuberculosis Infection","Serum exosomes","GEO","RNA-Seq","Homo sapiens","40"
"DSA04828","Active Tuberculosis","Serum exosomes","GEO","RNA-Seq","Homo sapiens","1000"
"DSA04830","Malaria","Peripheral blood mononuclear cells (PBMCs)","GEO","Microarray","Homo sapiens","0"
"DSA04831","Pneumonia","Peripheral blood mononuclear cells (PBMCs)","GEO","Microarray","Homo sapiens","0"
"DSA04894","Chronic Fatigue Syndrome","Whole Blood","GEO","RNA-Seq","Homo sapiens","0"
"DSA04897","Tuberculosis","Peripheral blood mononuclear cells (PBMCs)","GEO","Microarray","Homo sapiens","1000"
"DSA04910","Tuberculosis","Alveolar macrophages","GEO","Microarray","Homo sapiens","3"
"DSA04928","Tuberculosis","Blood Peripheral blood mononuclear cells (PBMCs)","GEO","RNA-Seq","Homo sapiens","1000"
"DSA04929","Tuberculosis","Blood Peripheral blood mononuclear cells (PBMCs)","GEO","RNA-Seq","Homo sapiens","8"
"DSA04947","Severe Acute Respiratory Syndrome","Blood","ArrayExpress","Microarray","Homo sapiens","1000"
"DSA04956","Severe Acute Respiratory Syndrome","Blood","ArrayExpress","Microarray","Homo sapiens","48"
"DSA04957","Severe Acute Respiratory Syndrome","Blood","ArrayExpress","Microarray","Homo sapiens","45"
"DSA04958","Severe Acute Respiratory Syndrome","Blood","ArrayExpress","Microarray","Homo sapiens","1000"
"DSA04993","Influenza","Blood","GEO","Microarray","Mus musculus","678"
"DSA04994","Influenza","Blood","GEO","Microarray","Mus musculus","1000"
"DSA05018","Influenza","Lung","GEO","RNA-Seq","Mus musculus","56"
"DSA05019","Influenza","Lung","GEO","RNA-Seq","Mus musculus","1000"
"DSA05082","Pneumonia","Blood","ArrayExpress","Microarray","Homo sapiens","1000"
"DSA05092","Chronic Rhinosinusitis","Nasal polyp","GEO","Microarray","Homo sapiens","480"
"DSA05098","Tuberculosis","Blood","GEO","Microarray","Homo sapiens","0"
"DSA05099","Tuberculosis","Blood","GEO","Microarray","Homo sapiens","0"
"DSA05100","Tuberculosis","Blood","GEO","Microarray","Homo sapiens","0"
"DSA05101","Tuberculosis","Blood","GEO","Microarray","Homo sapiens","0"
"DSA05102","Tuberculosis","Blood","GEO","Microarray","Homo sapiens","0"
"DSA05103","Tuberculosis","Blood","GEO","Microarray","Homo sapiens","1000"
"DSA05143","Community Acquired Pneumonia","White blood cells","GEO","RNA-Seq","Homo sapiens","1000"
"DSA05166","Active Tuberculosis","Blood","ArrayExpress","Microarray","Homo sapiens","1000"
"DSA05177","Active Tuberculosis","Blood","ArrayExpress","Microarray","Homo sapiens","1000"
"DSA05180","Pneumonia","Blood","ArrayExpress","Microarray","Homo sapiens","1000"
"DSA05184","Active Tuberculosis","Blood","ArrayExpress","Microarray","Homo sapiens","1000"
"DSA05188","Active Tuberculosis","Blood","ArrayExpress","Microarray","Homo sapiens","1000"
"DSA05195","Chronic Rhinosinusitis","Ethmoidal tissue","GEO","RNA-Seq","Homo sapiens","33"
"DSA05247","Tuberculosis","Lung","GEO","scRNA-Seq","Mus musculus","1000"
"DSA05248","Tuberculosis","Lung","GEO","scRNA-Seq","Mus musculus","1000"
"DSA05288","Active Tuberculosis","Whole blood","ArrayExpress","Microarray","Homo sapiens","1000"
"DSA05289","Active Tuberculosis","Whole blood","ArrayExpress","Microarray","Homo sapiens","243"
"DSA05290","Active Tuberculosis","Whole blood","ArrayExpress","Microarray","Homo sapiens","1000"
"DSA05291","Active Tuberculosis","Whole blood","ArrayExpress","Microarray","Homo sapiens","1000"
"DSA05313","Pneumonia","Peripheral blood mononuclear cells (PBMCs)","GEO","RNA-Seq","Homo sapiens","1000"
"DSA05314","Bronchitis","Peripheral blood mononuclear cells (PBMCs)","GEO","RNA-Seq","Homo sapiens","1000"
"DSA05325","Endotoxic Shock","Lung","GEO","RNA-Seq","Mus musculus","1000"
"DSA05342","Trachoma","Tarsal conjunctiva","GEO","Microarray","Homo sapiens","1000"
"DSA05343","Trachoma","Tarsal conjunctiva","GEO","Microarray","Homo sapiens","1000"
"DSA05365","Hepatitis C","Kidney","GEO","Microarray","Homo sapiens","0"
"DSA05401","Dengue Disease","Peripheral blood mononuclear cells (PBMCs)","GEO","Microarray","Homo sapiens","4"
"DSA05402","Dengue Hemorrhagic Fever","Peripheral blood mononuclear cells (PBMCs)","GEO","Microarray","Homo sapiens","351"
"DSA05413","Tuberculosis","Whole Blood","GEO","Microarray","Homo sapiens","410"
"DSA05433","Rheumatic Heart Disease","Whole blood","GEO","RNA-Seq","Homo sapiens","169"
"DSA05434","Acute Rheumatic Fever","Whole blood","GEO","RNA-Seq","Homo sapiens","126"
"DSA05442","Dengue Disease","Liver","GEO","RNA-Seq","Mus musculus","1000"
"DSA05449","Sepsis","Platelet","GEO","RNA-Seq","Homo sapiens","1000"
"DSA05455","Unspecified Septicemia","Blood","GEO","RNA-Seq","Homo sapiens","476"
"DSA05522","Nematode Infections","Small intestine","GEO","RNA-Seq","Mus musculus","1000"
"DSA05523","Nematode Infections","Small intestine","GEO","RNA-Seq","Mus musculus","1000"
"DSA05528","Chronic Active Ebv Infection","Blood","GEO","RNA-Seq","Homo sapiens","1000"
"DSA05565","Cutaneous Leishmaniasis","Skin","GEO","RNA-Seq","Homo sapiens","1000"
"DSA05566","Cutaneous Leishmaniasis","Skin","GEO","RNA-Seq","Homo sapiens","1000"
"DSA05584","Sepsis","Whole blood","GEO","RNA-Seq","Homo sapiens","1000"
"DSA05591","Pneumonia","Plasma","GEO","RNA-Seq","Homo sapiens","1000"
"DSA05592","Pneumonia","Plasma","GEO","RNA-Seq","Homo sapiens","1000"
"DSA05603","Schistosoma Japonicum Infection","Liver","GEO","scRNA-Seq","Mus musculus","1000"
"DSA05644","Tuberculous Meningitis","Cortex","GEO","Microarray","Homo sapiens","2"
"DSA05666","Chronic Rhinosinusitis","Null","GEO","Microarray","Homo sapiens","1000"
"DSA05673","Sepsis","Lung","GEO","Microarray","Homo sapiens","1000"
"DSA05674","Sepsis","Liver","GEO","Microarray","Homo sapiens","717"
"DSA05678","Trachoma","Conjunctiva","GEO","Microarray","Homo sapiens","1000"
"DSA05679","Trachoma","Conjunctiva","GEO","Microarray","Homo sapiens","1000"
"DSA05698","Chronic Chagas' Disease Cardiomyopathy","Heart","GEO","Microarray","Mus musculus","199"
"DSA05715","Leprosy","Blood","GEO","Microarray","Homo sapiens","23"
"DSA05716","Leprosy","Blood","GEO","Microarray","Homo sapiens","44"
"DSA05717","Leprosy","Skin","GEO","Microarray","Homo sapiens","14"
"DSA05718","Leprosy","Skin","GEO","Microarray","Homo sapiens","53"
"DSA05722","Trachoma","Conjunctival scarring","GEO","Microarray","Homo sapiens","75"
"DSA05723","Trachoma","Conjunctival scarring","GEO","Microarray","Homo sapiens","1000"
"DSA05741","Dengue Disease","Whole blood","GEO","Microarray","Homo sapiens","31"
"DSA05742","Dengue Disease","Whole blood","GEO","Microarray","Homo sapiens","157"
"DSA05743","Dengue Disease","Whole blood","GEO","Microarray","Homo sapiens","140"
"DSA05744","Dengue Disease","Whole blood","GEO","Microarray","Homo sapiens","164"
"DSA05769","Intestinal Tuberculosis","Colon","GEO","Microarray","Homo sapiens","0"
"DSA05771","Herpesviral  Infections","Dermis","GEO","Microarray","Homo sapiens","321"
"DSA05772","Septic Shock","Whole blood","GEO","Microarray","Homo sapiens","1000"
"DSA05774","Septic Shock","Whole blood","GEO","Microarray","Homo sapiens","1000"
"DSA05824","Tuberculosis","Peripheral blood","GEO","Microarray","Homo sapiens","139"
"DSA05833","Tuberculosis","Peripheral blood mononuclear cells (PBMCs)","GEO","Microarray","Homo sapiens","0"
"DSA05834","Tuberculosis","Peripheral blood mononuclear cells (PBMCs)","GEO","Microarray","Homo sapiens","4"
"DSA05844","HIV-Associated Neurocognitive Disorder","Brain","GEO","Microarray","Homo sapiens","1000"
"DSA05849","Dengue Disease","Whole blood","GEO","Microarray","Homo sapiens","1000"
"DSA05850","Dengue Disease","Whole blood","GEO","Microarray","Homo sapiens","1000"
"DSA05851","Dengue Disease","Whole blood","GEO","Microarray","Homo sapiens","1000"
"DSA05856","Tuberculosis","Peripheral blood","GEO","Microarray","Homo sapiens","0"
"DSA05857","Tuberculosis","Peripheral blood","GEO","Microarray","Homo sapiens","644"
"DSA05889","Influenza","Whole blood","GEO","Microarray","Homo sapiens","39"
"DSA05890","Influenza","Whole blood","GEO","Microarray","Homo sapiens","439"
"DSA05891","Influenza","Whole blood","GEO","Microarray","Homo sapiens","27"
"DSA05892","Influenza","Whole blood","GEO","Microarray","Homo sapiens","1000"
"DSA06040","Septic Shock","Whole blood","GEO","Microarray","Homo sapiens","1000"
"DSA06042","Sepsis","Whole blood","GEO","Microarray","Homo sapiens","1000"
"DSA06075","Q Fever","Blood Peripheral blood mononuclear cells (PBMCs)","GEO","Microarray","Homo sapiens","1"
"DSA06090","Spondylitis","Spine","GEO","Microarray","Mus musculus","1000"
"DSA06118","Acute Hepatitis B","CD8+ T cells","GEO","Microarray","Homo sapiens","439"
"DSA06119","Hepatitis B","CD8+ T cells","GEO","Microarray","Homo sapiens","3"
"DSA06120","Hepatitis B","CD8+ T cells","GEO","Microarray","Homo sapiens","0"
"DSA06125","Group A Streptococcal Infections","Whole blood","GEO","Microarray","Homo sapiens","1000"
"DSA06148","Lyme Disease","NHDF cells","GEO","Microarray","Homo sapiens","0"
"DSA06149","Lyme Disease","NHDF cells","GEO","Microarray","Homo sapiens","0"
"DSA06150","Lyme Disease","NHDF cells","GEO","Microarray","Homo sapiens","0"
"DSA06164","Sepsis","Peripheral blood","GEO","Microarray","Homo sapiens","1000"
"DSA06165","Sepsis","Peripheral blood","GEO","Microarray","Homo sapiens","1000"
"DSA06170","Chronic Sinusitis","Primary Nasal Epithelial Cells","GEO","Microarray","Homo sapiens","0"
"DSA06171","Chronic Sinusitis","Primary Nasal Fibroblast Cells","GEO","Microarray","Homo sapiens","2"
"DSA06187","HIV Infection","CD34+ hematopoietic stem cells","GEO","Microarray","Homo sapiens","0"
"DSA06188","Leishmaniasis","Whole blood","GEO","RNA-Seq","Homo sapiens","1000"
"DSA06189","Brucellosis","Whole blood","GEO","RNA-Seq","Homo sapiens","1000"
"DSA06190","Brucellosis","Whole blood","GEO","RNA-Seq","Homo sapiens","3"
"DSA06253","Hepatitis B","Human hepatocyte","GEO","Microarray","Homo sapiens","1000"
"DSA06254","Hepatitis C","Human hepatocyte","GEO","Microarray","Homo sapiens","1000"
"DSA06271","Prion Disease","Brain","GEO","Microarray","Mus musculus","0"
"DSA06288","Hepatitis B","Human hepatocyte","GEO","Microarray","Homo sapiens","1000"
"DSA06289","Hepatitis C","Human hepatocyte","GEO","Microarray","Homo sapiens","1000"
"DSA06318","Chronic Rhinosinusitis","Sphenoid sinus mucosa","GEO","RNA-Seq","Homo sapiens","1000"
"DSA06319","Chronic Rhinosinusitis","Sphenoid sinus mucosa","GEO","RNA-Seq","Homo sapiens","582"
"DSA06325","Leptospirosis","Whole blood","GEO","Microarray","Homo sapiens","1000"
"DSA06326","Leptospirosis","Whole blood","GEO","Microarray","Homo sapiens","0"
"DSA06344","Hepatitis B","Human hepatocyte","GEO","Microarray","Homo sapiens","1000"
"DSA06345","Hepatitis C","Human hepatocyte","GEO","Microarray","Homo sapiens","168"
"DSA06470","Acquired Immunodeficiency Syndrome","Human naive CD4+ T (TN) cells","GEO","Microarray","Homo sapiens","381"
"DSA06471","Acquired Immunodeficiency Syndrome","Human central memory CD4+ T (TCM) cells","GEO","Microarray","Homo sapiens","229"
"DSA06553","Malaria","Placenta","GEO","Microarray","Homo sapiens","425"
"DSA06573","Acute Pyelonephritis","Kidney","GEO","Microarray","Mus musculus","1000"
"DSA06627","Acquired Immunodeficiency Syndrome","Peripheral blood","GEO","RNA-Seq","Homo sapiens","1000"
"DSA06628","Listeriosis","Blood","GEO","Microarray","Mus musculus","0"
"DSA06629","Listeriosis","Blood","GEO","Microarray","Mus musculus","1000"
"DSA06630","Listeriosis","Liver","GEO","Microarray","Mus musculus","5"
"DSA06631","Listeriosis","Liver","GEO","Microarray","Mus musculus","1000"
"DSA06632","Listeriosis","Spleen","GEO","Microarray","Mus musculus","28"
"DSA06633","Listeriosis","Spleen","GEO","Microarray","Mus musculus","1000"
"DSA06634","Listeriosis","Blood","GEO","Microarray","Mus musculus","1000"
"DSA06635","Listeriosis","Blood","GEO","Microarray","Mus musculus","722"
"DSA06636","Listeriosis","Liver","GEO","Microarray","Mus musculus","449"
"DSA06637","Listeriosis","Liver","GEO","Microarray","Mus musculus","1000"
"DSA06638","Listeriosis","Spleen","GEO","Microarray","Mus musculus","172"
"DSA06639","Listeriosis","Spleen","GEO","Microarray","Mus musculus","1000"
"DSA06660","Visceral Leishmaniasis","Peripheral blood","GEO","Microarray","Homo sapiens","292"
"DSA06661","Visceral Leishmaniasis","Peripheral blood","GEO","Microarray","Homo sapiens","486"
"DSA06662","Visceral Leishmaniasis","Peripheral blood","GEO","Microarray","Homo sapiens","1000"
"DSA06663","Visceral Leishmaniasis","Peripheral blood","GEO","Microarray","Homo sapiens","1000"
"DSA06677","Influenza","Aveolar basal epithelial cells","GEO","Microarray","Homo sapiens","358"
"DSA06723","Influenza","Aveolar basal epithelial cells","GEO","Microarray","Homo sapiens","1000"
"DSA06724","Influenza","Aveolar basal epithelial cells","GEO","Microarray","Homo sapiens","1"
"DSA06725","Influenza","Aveolar basal epithelial cells","GEO","Microarray","Homo sapiens","0"
"DSA06742","Pneumonia","Blood","GEO","Microarray","Homo sapiens","1000"
"DSA06743","Tuberculosis","Blood","GEO","Microarray","Homo sapiens","1000"
"DSA06747","Tuberculosis","Blood","GEO","Microarray","Homo sapiens","1000"
"DSA06754","Tuberculosis","CD14","GEO","Microarray","Homo sapiens","117"
"DSA06755","Tuberculosis","CD15","GEO","Microarray","Homo sapiens","344"
"DSA06756","Tuberculosis","CD4","GEO","Microarray","Homo sapiens","11"
"DSA06757","Tuberculosis","CD8","GEO","Microarray","Homo sapiens","1"
"DSA06758","Tuberculosis","Peripheral blood mononuclear cells (PBMCs)","GEO","Microarray","Homo sapiens","1000"
"DSA06759","Tuberculosis","Blood","GEO","Microarray","Homo sapiens","572"
"DSA06794","Influenza","Aveolar basal epithelial cells","GEO","Microarray","Homo sapiens","0"
"DSA06799","Influenza","Aveolar basal epithelial cells","GEO","Microarray","Homo sapiens","24"
"DSA06814","Rhinitis","Bronchial epithelium","GEO","Microarray","Homo sapiens","0"
"DSA06815","Rhinitis","Nasal epithelium","GEO","Microarray","Homo sapiens","0"
"DSA06906","Septic Shock","Blood","GEO","Microarray","Homo sapiens","1000"
"DSA06907","Septic Shock","Blood","GEO","Microarray","Homo sapiens","1000"
"DSA06925","Influenza","Aveolar basal epithelial cells","GEO","Microarray","Homo sapiens","101"
"DSA06939","Sepsis","Monocytes","GEO","Microarray","Homo sapiens","1000"
"DSA06940","Sepsis","Monocytes","GEO","Microarray","Homo sapiens","1000"
"DSA06944","Invasive Pneumococcal Disease; Recurrent Isolated","Peripheral blood","GEO","Microarray","Homo sapiens","24"
"DSA06945","Invasive Pneumococcal Disease; Recurrent Isolated","Peripheral blood","GEO","Microarray","Homo sapiens","402"
"DSA06946","Invasive Pneumococcal Disease; Recurrent Isolated","Peripheral blood","GEO","Microarray","Homo sapiens","139"
"DSA06947","Invasive Pneumococcal Disease; Recurrent Isolated","Peripheral blood","GEO","Microarray","Homo sapiens","308"
"DSA07024","Sepsis","Plasma","GEO","Microarray","Homo sapiens","16"
"DSA07025","Sepsis","Plasma","GEO","Microarray","Homo sapiens","682"
"DSA07026","Sepsis","Plasma","GEO","Microarray","Homo sapiens","1000"
"DSA07027","Sepsis","Plasma","GEO","Microarray","Homo sapiens","1000"
"DSA07028","Sepsis","Plasma","GEO","Microarray","Homo sapiens","817"
"DSA07029","Sepsis","Plasma","GEO","Microarray","Homo sapiens","1000"
"DSA07030","Sepsis","Plasma","GEO","Microarray","Homo sapiens","507"
"DSA07031","Influenza","Aveolar basal epithelial cells","GEO","Microarray","Homo sapiens","1000"
"DSA07032","Influenza","Aveolar basal epithelial cells","GEO","Microarray","Homo sapiens","0"
"DSA07052","Influenza","Aveolar basal epithelial cells","GEO","Microarray","Homo sapiens","0"
"DSA07100","Influenza","Aveolar basal epithelial cells","GEO","Microarray","Homo sapiens","7"
"DSA07111","Viral Myocarditis","Heart","GEO","Microarray","Mus musculus","72"
"DSA07112","Viral Myocarditis","Heart","GEO","Microarray","Mus musculus","641"
"DSA07113","Viral Myocarditis","Heart","GEO","Microarray","Mus musculus","1000"
"DSA07175","Sepsis","Hippocampus","GEO","RNA-Seq","Mus musculus","570"
"DSA07176","Sepsis","Hippocampus","GEO","RNA-Seq","Mus musculus","122"
"DSA07177","Sepsis","Hippocampus","GEO","RNA-Seq","Mus musculus","917"
"DSA07178","Sepsis","Hippocampus","GEO","RNA-Seq","Mus musculus","1000"
"DSA07179","Sepsis","Hippocampus","GEO","RNA-Seq","Mus musculus","684"
"DSA07180","Sepsis","Hippocampus","GEO","RNA-Seq","Mus musculus","68"
"DSA07181","Sepsis","Hippocampus","GEO","RNA-Seq","Mus musculus","1000"
"DSA07182","Sepsis","Hippocampus","GEO","RNA-Seq","Mus musculus","270"
"DSA07209","Invasive Aspergillosis","Blood","GEO","Microarray","Homo sapiens","1000"
"DSA07245","Tuberculosis","Blood","GEO","RNA-Seq","Homo sapiens","1000"
"DSA07271","Cutaneous Leishmaniasis","Peripheral blood mononuclear cells (PBMCs)","GEO","Microarray","Homo sapiens","427"
"DSA07287","Sepsis","Whole blood","GEO","Microarray","Homo sapiens","1000"
"DSA07300","Pneumocystis Pneumonia","Lung","GEO","Microarray","Mus musculus","1000"
"DSA07338","AIDS related complex","Liver","GEO","Microarray","Mus musculus","650"
"DSA07346","Extrapulmonary Tuberculosis","Blood","GEO","Microarray","Homo sapiens","1000"
"DSA07347","Pulmonary Tuberculosis","Blood","GEO","Microarray","Homo sapiens","1000"
"DSA07395","Active Tuberculosis","Whole blood","GEO","RNA-Seq","Homo sapiens","347"
"DSA07396","Latent Tuberculosis","Whole blood","GEO","RNA-Seq","Homo sapiens","52"
"DSA07397","Dengue Hemorrhagic Fever","CD8 T cells from Peripheral blood mononuclear cells (PBMCs)s","GEO","Microarray","Homo sapiens","1000"
"DSA07398","Tuberculosis Infection","Memory CD3+CD4+ T cells","GEO","RNA-Seq","Homo sapiens","141"
"DSA07399","Tuberculosis Infection","Memory CD3+CD8+ T cells","GEO","RNA-Seq","Homo sapiens","37"
"DSA07411","Chagas Cardiomyopathy","Left ventricle","GEO","Microarray","Homo sapiens","1000"
"DSA07434","Infectious Mononucleosis","Peripheral blood mononuclear cells (PBMCs)","GEO","Microarray","Homo sapiens","1000"
"DSA07587","Sepsis","Whole blood","GEO","Microarray","Mus musculus","665"
"DSA07588","Sepsis","Whole blood","GEO","Microarray","Mus musculus","1000"
"DSA07594","Sporadic Creutzfeldt-Jakob Disease","Brain","GEO","RNA-Seq","Mus musculus","1000"
"DSA07595","Sporadic Creutzfeldt-Jakob Disease","Brain","GEO","RNA-Seq","Mus musculus","790"
"DSA07600","Hepatitis B","Peripheral blood","GEO","RNA-Seq","Homo sapiens","1000"
"DSA07795","Influenza","Placenta","GEO","RNA-Seq","Mus musculus","5"
"DSA07796","Influenza","Placenta","GEO","RNA-Seq","Mus musculus","0"
"DSA07797","Influenza","Thymus","GEO","RNA-Seq","Mus musculus","1000"
"DSA07816","Influenza","Lung","GEO","Microarray","Mus musculus","1000"
"DSA07874","Cerebral Malaria","Brain","GEO","RNA-Seq","Mus musculus","1000"
"DSA07893","Wart","Ear","GEO","RNA-Seq","Mus musculus","1000"
"DSA07923","Merkel Cell Carcinoma","Skin","GEO","RNA-Seq","Mus musculus","1000"
"DSA07972","Pseudomonas Aeruginosa Infection","Lung","GEO","RNA-Seq","Mus musculus","754"
"DSA07974","Sepsis","Liver","GEO","Microarray","Mus musculus","1000"
"DSA07975","Sepsis","Liver","GEO","Microarray","Mus musculus","1000"
"DSA08071","Sepsis","Blood","GEO","Microarray","Mus musculus","279"
"DSA08072","Sepsis","Blood","GEO","Microarray","Mus musculus","1000"
"DSA08073","Sepsis","Blood","GEO","Microarray","Mus musculus","841"
"DSA08074","Sepsis","Blood","GEO","Microarray","Mus musculus","938"
"DSA08075","Sepsis","Blood","GEO","Microarray","Mus musculus","1000"
"DSA08076","Sepsis","Blood","GEO","Microarray","Mus musculus","0"
"DSA08107","Sepsis","White Blood Cells","GEO","Microarray","Mus musculus","1000"
"DSA08108","Sepsis","White Blood Cells","GEO","Microarray","Mus musculus","907"
"DSA08109","Sepsis","White Blood Cells","GEO","Microarray","Mus musculus","441"
"DSA08110","Sepsis","White Blood Cells","GEO","Microarray","Mus musculus","304"
"DSA08111","Sepsis","White Blood Cells","GEO","Microarray","Mus musculus","1000"
"DSA08112","Sepsis","White Blood Cells","GEO","Microarray","Mus musculus","0"
"DSA08115","Influenza","Dendritic cells","GEO","Microarray","Homo sapiens","159"
"DSA08116","Influenza","Dendritic cells","GEO","Microarray","Homo sapiens","927"
"DSA08117","Influenza","Dendritic cells","GEO","Microarray","Homo sapiens","1000"
"DSA08118","Influenza","Dendritic cells","GEO","Microarray","Homo sapiens","1000"
"DSA08119","Influenza","Dendritic cells","GEO","Microarray","Homo sapiens","1000"
"DSA08120","Influenza","Dendritic cells","GEO","Microarray","Homo sapiens","1000"
"DSA08121","Influenza","Dendritic cells","GEO","Microarray","Homo sapiens","1000"
"DSA08122","Influenza","Dendritic cells","GEO","Microarray","Homo sapiens","1000"
"DSA08123","Influenza","Dendritic cells","GEO","Microarray","Homo sapiens","1000"
"DSA08124","Influenza","Dendritic cells","GEO","Microarray","Homo sapiens","1000"
"DSA08125","Influenza","Dendritic cells","GEO","Microarray","Homo sapiens","1000"
"DSA08126","Influenza","Dendritic cells","GEO","Microarray","Homo sapiens","1000"
"DSA08127","Influenza","Dendritic cells","GEO","Microarray","Homo sapiens","1000"
"DSA08128","Influenza","Dendritic cells","GEO","Microarray","Homo sapiens","1000"
"DSA08129","Influenza","Dendritic cells","GEO","Microarray","Homo sapiens","1000"
"DSA08130","Influenza","Dendritic cells","GEO","Microarray","Homo sapiens","229"
"DSA08131","Influenza","Dendritic cells","GEO","Microarray","Homo sapiens","767"
"DSA08132","Influenza","Dendritic cells","GEO","Microarray","Homo sapiens","1000"
"DSA08133","Influenza","Dendritic cells","GEO","Microarray","Homo sapiens","1000"
"DSA08134","Influenza","Dendritic cells","GEO","Microarray","Homo sapiens","1000"
"DSA08135","Influenza","Dendritic cells","GEO","Microarray","Homo sapiens","1000"
"DSA08136","Influenza","Dendritic cells","GEO","Microarray","Homo sapiens","1000"
"DSA08137","Influenza","Dendritic cells","GEO","Microarray","Homo sapiens","1000"
"DSA08138","Influenza","Dendritic cells","GEO","Microarray","Homo sapiens","282"
"DSA08139","Influenza","Dendritic cells","GEO","Microarray","Homo sapiens","972"
"DSA08140","Influenza","Dendritic cells","GEO","Microarray","Homo sapiens","1000"
"DSA08141","Influenza","Dendritic cells","GEO","Microarray","Homo sapiens","1000"
"DSA08142","Influenza","Dendritic cells","GEO","Microarray","Homo sapiens","1000"
"DSA08143","Influenza","Dendritic cells","GEO","Microarray","Homo sapiens","1000"
"DSA08144","Influenza","Dendritic cells","GEO","Microarray","Homo sapiens","1000"
"DSA08145","Influenza","Dendritic cells","GEO","Microarray","Homo sapiens","1000"
"DSA08146","Influenza","Dendritic cells","GEO","Microarray","Homo sapiens","1000"
"DSA08147","Influenza","Dendritic cells","GEO","Microarray","Homo sapiens","1000"
"DSA08148","Influenza","Dendritic cells","GEO","Microarray","Homo sapiens","1000"
"DSA08149","Influenza","Dendritic cells","GEO","Microarray","Homo sapiens","1000"
"DSA08150","Influenza","Dendritic cells","GEO","Microarray","Homo sapiens","1000"
"DSA08151","Influenza","Dendritic cells","GEO","Microarray","Homo sapiens","1000"
"DSA08152","Influenza","Dendritic cells","GEO","Microarray","Homo sapiens","1000"
"DSA08153","Influenza","Dendritic cells","GEO","Microarray","Homo sapiens","1000"
"DSA08154","Influenza","Dendritic cells","GEO","Microarray","Homo sapiens","624"
"DSA08155","Influenza","Dendritic cells","GEO","Microarray","Homo sapiens","884"
"DSA08156","Influenza","Dendritic cells","GEO","Microarray","Homo sapiens","1000"
"DSA08157","Influenza","Dendritic cells","GEO","Microarray","Homo sapiens","1000"
"DSA08158","Influenza","Dendritic cells","GEO","Microarray","Homo sapiens","1000"
"DSA08159","Influenza","Dendritic cells","GEO","Microarray","Homo sapiens","1000"
"DSA08160","Influenza","Dendritic cells","GEO","Microarray","Homo sapiens","1000"
"DSA08161","Influenza","Dendritic cells","GEO","Microarray","Homo sapiens","43"
"DSA08162","Influenza","Dendritic cells","GEO","Microarray","Homo sapiens","154"
"DSA08163","Influenza","Dendritic cells","GEO","Microarray","Homo sapiens","493"
"DSA08164","Influenza","Dendritic cells","GEO","Microarray","Homo sapiens","453"
"DSA08165","Influenza","Dendritic cells","GEO","Microarray","Homo sapiens","1000"
"DSA08166","Influenza","Dendritic cells","GEO","Microarray","Homo sapiens","1000"
"DSA08167","Influenza","Dendritic cells","GEO","Microarray","Homo sapiens","1000"
"DSA08168","Influenza","Dendritic cells","GEO","Microarray","Homo sapiens","1000"
"DSA08169","Influenza","Dendritic cells","GEO","Microarray","Homo sapiens","127"
"DSA08170","Influenza","Dendritic cells","GEO","Microarray","Homo sapiens","782"
"DSA08171","Influenza","Dendritic cells","GEO","Microarray","Homo sapiens","1000"
"DSA08172","Influenza","Dendritic cells","GEO","Microarray","Homo sapiens","1000"
"DSA08173","Influenza","Dendritic cells","GEO","Microarray","Homo sapiens","1000"
"DSA08174","Influenza","Dendritic cells","GEO","Microarray","Homo sapiens","1000"
"DSA08175","Influenza","Dendritic cells","GEO","Microarray","Homo sapiens","1000"
"DSA08176","Influenza","Dendritic cells","GEO","Microarray","Homo sapiens","1000"
"DSA08177","Influenza","Dendritic cell","GEO","Microarray","Homo sapiens","227"
"DSA08178","Influenza","Dendritic cells","GEO","Microarray","Homo sapiens","1000"
"DSA08179","Influenza","Dendritic cells","GEO","Microarray","Homo sapiens","1000"
"DSA08180","Influenza","Dendritic cells","GEO","Microarray","Homo sapiens","1000"
"DSA08181","Influenza","Dendritic cells","GEO","Microarray","Homo sapiens","1000"
"DSA08182","Influenza","Dendritic cells","GEO","Microarray","Homo sapiens","1000"
"DSA08183","Influenza","Dendritic cells","GEO","Microarray","Homo sapiens","1000"
"DSA08184","Influenza","Dendritic cells","GEO","Microarray","Homo sapiens","1000"
"DSA08185","Influenza","Dendritic cells","GEO","Microarray","Homo sapiens","328"
"DSA08186","Influenza","Dendritic cells","GEO","Microarray","Homo sapiens","913"
"DSA08187","Influenza","Dendritic cells","GEO","Microarray","Homo sapiens","1000"
"DSA08188","Influenza","Dendritic cells","GEO","Microarray","Homo sapiens","1000"
"DSA08189","Influenza","Dendritic cells","GEO","Microarray","Homo sapiens","1000"
"DSA08190","Influenza","Dendritic cells","GEO","Microarray","Homo sapiens","1000"
"DSA08191","Influenza","Dendritic cells","GEO","Microarray","Homo sapiens","1000"
"DSA08192","Influenza","Dendritic cells","GEO","Microarray","Homo sapiens","1000"
"DSA08224","Cytomegalovirus Infection","Lung","GEO","Microarray","Mus musculus","11"
"DSA08255","Infection By Leishmania Braziliensis","U937 derived macrophages","GEO","Microarray","Homo sapiens","1000"
"DSA08269","Leishmaniasis","Osteoclasts","GEO","RNA-Seq","Mus musculus","151"
"DSA08270","Ebola Virus Disease","Null","GEO","RNA-Seq","Mus musculus","1000"
"DSA08271","Ebola Virus Disease","Null","GEO","RNA-Seq","Mus musculus","1000"
"DSA08273","Lower Respiratory Tract Infections","Cord blood mononuclear cells (CBMC)","GEO","RNA-Seq","Homo sapiens","11"
"DSA08376","Lymphocytic Choriomeningitis","Spleen","GEO","Microarray","Mus musculus","1"
"DSA08377","Lymphocytic Choriomeningitis","Spleen","GEO","Microarray","Mus musculus","1000"
"DSA08379","Sepsis","Bone marrow","GEO","Microarray","Mus musculus","0"
"DSA08385","Influenza","Lung","GEO","Microarray","Mus musculus","1000"
"DSA08386","Influenza","Lung","GEO","Microarray","Mus musculus","556"
"DSA08387","Influenza","Lung","GEO","Microarray","Mus musculus","1000"
"DSA08388","Influenza","Lung","GEO","Microarray","Mus musculus","121"
"DSA08389","Influenza","Lung","GEO","Microarray","Mus musculus","1000"
"DSA08390","Influenza","Lung","GEO","Microarray","Mus musculus","855"
"DSA08391","Influenza","Lung","GEO","Microarray","Mus musculus","1000"
"DSA08392","Influenza","Lung","GEO","Microarray","Mus musculus","1000"
"DSA08393","Influenza","Lung","GEO","Microarray","Mus musculus","1000"
"DSA08394","Influenza","Lung","GEO","Microarray","Mus musculus","1000"
"DSA08395","Influenza","Lung","GEO","Microarray","Mus musculus","1000"
"DSA08396","Influenza","Lung","GEO","Microarray","Mus musculus","1000"
"DSA08400","Influenza","Lung","GEO","Microarray","Mus musculus","1000"
"DSA08402","Salmonella Infection Nos","Spleen","GEO","Microarray","Mus musculus","0"
"DSA08403","Salmonella Infection Nos","Spleen","GEO","Microarray","Mus musculus","25"
"DSA08404","Salmonella Infection Nos","Spleen","GEO","Microarray","Mus musculus","0"
"DSA08405","Salmonella Infection Nos","Spleen","GEO","Microarray","Mus musculus","51"
"DSA08406","Salmonella Infection Nos","Spleen","GEO","Microarray","Mus musculus","52"
"DSA08429","Influenza","Lung","GEO","Microarray","Mus musculus","1000"
"DSA08430","Influenza","Lung","GEO","Microarray","Mus musculus","1000"
"DSA08433","Vulvovaginal Candidiasis","Vagina","GEO","RNA-Seq","Mus musculus","1000"
"DSA08440","Sepsis","White blood cells","GEO","Microarray","Mus musculus","1000"
"DSA08441","Sepsis","White blood cells","GEO","Microarray","Mus musculus","0"
"DSA08442","Sepsis","White blood cells","GEO","Microarray","Mus musculus","328"
"DSA08494","Dengue Disease","Null","GEO","RNA-Seq","Homo sapiens","1000"
"DSA08510","Influenza","Primary normal human bronchial epithelial (NHBE) cells","GEO","RNA-Seq","Homo sapiens","1000"
"DSA08518","Influenza","Primary normal human bronchial epithelial (NHBE) cells","GEO","RNA-Seq","Homo sapiens","1000"
"DSA08524","Hepatitis B","Liver","GEO","Microarray","Mus musculus","0"
"DSA08525","Hepatitis B","Liver","GEO","Microarray","Mus musculus","1000"
"DSA08526","Hepatitis B","Liver","GEO","Microarray","Mus musculus","1000"
"DSA08558","H1N1 Influenza","Lung","GEO","RNA-Seq","Mus musculus","908"
"DSA08559","H1N1 Influenza","Lung","GEO","RNA-Seq","Mus musculus","516"
"DSA08568","Pulmonary Aspergillosis","Lung","GEO","RNA-Seq","Mus musculus","1000"
"DSA08569","Pulmonary Aspergillosis","Lung","GEO","RNA-Seq","Mus musculus","1000"
"DSA08576","Hepatitis C","Null","GEO","Microarray","Homo sapiens","0"
"DSA08586","Rift Valley Fever","HEK293 cell","GEO","RNA-Seq","Homo sapiens","539"
"DSA08587","Rift Valley Fever","HEK293 cell","GEO","RNA-Seq","Homo sapiens","1000"
"DSA08588","Rift Valley Fever","HEK293 cell","GEO","RNA-Seq","Homo sapiens","1000"
"DSA08620","Sepsis","Bone marrow","GEO","scRNA-Seq","Mus musculus","1000"
"DSA08621","Sepsis","Bone marrow","GEO","scRNA-Seq","Mus musculus","1000"
"DSA08622","Sepsis","Bone marrow","GEO","scRNA-Seq","Mus musculus","1000"
"DSA08623","Sepsis","Bone marrow","GEO","scRNA-Seq","Mus musculus","1000"
"DSA08624","Sepsis","Bone marrow","GEO","scRNA-Seq","Mus musculus","1000"
"DSA08625","Sepsis","Bone marrow","GEO","scRNA-Seq","Mus musculus","823"
"DSA08626","Sepsis","Bone marrow","GEO","scRNA-Seq","Mus musculus","1000"
"DSA08627","Sepsis","Bone marrow","GEO","scRNA-Seq","Mus musculus","628"
"DSA08636","Influenza","Liver","GEO","RNA-Seq","Homo sapiens","1000"
"DSA08642","Pneumonia","Lung","GEO","RNA-Seq","Mus musculus","1000"
"DSA08643","Influenza A (H1N1)","Lung","GEO","RNA-Seq","Mus musculus","1000"
"DSA08662","Influenza","Primary human plasmacytoid dendritic","GEO","Microarray","Homo sapiens","733"
"DSA08663","Influenza","Lung","GEO","Microarray","Mus musculus","1000"
"DSA08681","Viral Encephalitis","Spinal cord","GEO","Microarray","Mus musculus","0"
"DSA08683","Viral Encephalitis","Bladder","GEO","Microarray","Mus musculus","0"
"DSA08684","Influenza","Lung","GEO","Microarray","Mus musculus","1000"
"DSA08685","Influenza","Lung","GEO","Microarray","Mus musculus","965"
"DSA08686","Influenza","Lung","GEO","Microarray","Mus musculus","1000"
"DSA08687","Influenza","Lung","GEO","Microarray","Mus musculus","1000"
"DSA08688","Influenza","Lung","GEO","Microarray","Mus musculus","1000"
"DSA08689","Influenza","Lung","GEO","Microarray","Mus musculus","1000"
"DSA08690","Influenza","Lung","GEO","Microarray","Mus musculus","1000"
"DSA08691","Influenza","Lung","GEO","Microarray","Mus musculus","1000"
"DSA08692","Influenza","Lung","GEO","Microarray","Mus musculus","1000"
"DSA08693","Influenza","Lung","GEO","Microarray","Mus musculus","1000"
"DSA08694","Influenza","Lung","GEO","Microarray","Mus musculus","1000"
"DSA08695","Influenza","Lung","GEO","Microarray","Mus musculus","1000"
"DSA08703","Sepsis","Heart","GEO","RNA-Seq","Mus musculus","1000"
"DSA08719","Rhinitis","Whole blood","GEO","Microarray","Homo sapiens","0"
"DSA08724","Rhinitis","Whole blood","GEO","Microarray","Homo sapiens","0"
"DSA08744","Meningococcal Infection","Heart","GEO","Microarray","Homo sapiens","0"
"DSA08745","Meningococcal Infection","Kidney","GEO","Microarray","Homo sapiens","0"
"DSA08746","Meningococcal Infection","Liver","GEO","Microarray","Homo sapiens","69"
"DSA08747","Meningococcal Infection","Lung","GEO","Microarray","Homo sapiens","1"
"DSA08748","Meningococcal Infection","Spleen","GEO","Microarray","Homo sapiens","0"
"DSA08768","Septic Shock","Whole blood","GEO","Microarray","Homo sapiens","1000"
"DSA08818","Schistosomiasis","Liver","GEO","Microarray","Mus musculus","1000"
"DSA08819","Schistosomiasis","Liver","GEO","Microarray","Mus musculus","1000"
"DSA08820","Schistosomiasis","Liver","GEO","Microarray","Mus musculus","1000"
"DSA08822","HIV-Associated Neurocognitive Disorder","Null","GEO","scRNA-Seq","Homo sapiens","1000"
"DSA08823","HIV-Associated Neurocognitive Disorder","Null","GEO","scRNA-Seq","Homo sapiens","1000"
"DSA08824","Tuberculosis","Blood mononuclear cells","GEO","RNA-Seq","Homo sapiens","211"
"DSA08879","Epstein-Barr Virus Infection","Peripheral blood leukocytes","GEO","Microarray","Homo sapiens","48"
"DSA08880","Epstein-Barr Virus Infection","Peripheral blood leukocytes","GEO","Microarray","Homo sapiens","120"
"DSA08893","Sepsis","Blood","GEO","Microarray","Homo sapiens","1000"
"DSA08910","Acute Viral Encephalitis","Brain","GEO","Microarray","Mus musculus","87"
"DSA08929","H1N1 Influenza","Lung","GEO","RNA-Seq","Mus musculus","1000"
"DSA08930","Influenza","Lung","GEO","RNA-Seq","Mus musculus","1000"
"DSA08932","H1N1 Influenza","Lung","GEO","Microarray","Mus musculus","1000"
"DSA08933","H1N1 Influenza","Lung","GEO","Microarray","Mus musculus","1000"
"DSA09003","Hepatitis C","Peripheral blood mononuclear cells (PBMCs)","GEO","RNA-Seq","Homo sapiens","3"
"DSA09004","Hepatitis C","Peripheral blood mononuclear cells (PBMCs)","GEO","RNA-Seq","Homo sapiens","2"
"DSA09005","Hepatitis C","Peripheral blood mononuclear cells (PBMCs)","GEO","RNA-Seq","Homo sapiens","2"
"DSA09006","Hepatitis C","Peripheral blood mononuclear cells (PBMCs)","GEO","RNA-Seq","Homo sapiens","0"
"DSA09008","Malaria","Blood","GEO","RNA-Seq","Homo sapiens","195"
"DSA09009","Malaria","Blood","GEO","RNA-Seq","Homo sapiens","1000"
"DSA09010","Malaria","Blood","GEO","RNA-Seq","Homo sapiens","9"
"DSA09011","Malaria","Blood","GEO","RNA-Seq","Homo sapiens","1000"
"DSA09012","Malaria","Blood","GEO","RNA-Seq","Homo sapiens","93"
"DSA09013","Malaria","Blood","GEO","RNA-Seq","Homo sapiens","1000"
"DSA09031","Malaria","Spleen","GEO","Microarray","Mus musculus","0"
"DSA09032","Malaria","Spleen","GEO","Microarray","Mus musculus","106"
"DSA09033","Malaria","Spleen","GEO","Microarray","Mus musculus","1000"
"DSA09034","Malaria","Spleen","GEO","Microarray","Mus musculus","0"
"DSA09035","Malaria","Spleen","GEO","Microarray","Mus musculus","793"
"DSA09036","Malaria","Spleen","GEO","Microarray","Mus musculus","1000"
"DSA09037","Malaria","Spleen","GEO","Microarray","Mus musculus","0"
"DSA09038","Malaria","Spleen","GEO","Microarray","Mus musculus","344"
"DSA09039","Malaria","Spleen","GEO","Microarray","Mus musculus","964"
"DSA09040","Malaria","Spleen","GEO","Microarray","Mus musculus","0"
"DSA09041","Malaria","Spleen","GEO","Microarray","Mus musculus","445"
"DSA09042","Malaria","Spleen","GEO","Microarray","Mus musculus","1000"
"DSA09059","Lymphocytic Choriomeningitis","Spleen","GEO","Microarray","Mus musculus","1000"
"DSA09060","Lymphocytic Choriomeningitis","Spleen","GEO","Microarray","Mus musculus","1000"
"DSA09061","Lymphocytic Choriomeningitis","Spleen","GEO","Microarray","Mus musculus","11"
"DSA09062","Lymphocytic Choriomeningitis","Spleen","GEO","Microarray","Mus musculus","1000"
"DSA09063","Lymphocytic Choriomeningitis","Spleen","GEO","Microarray","Mus musculus","1000"
"DSA09064","Lymphocytic Choriomeningitis","Spleen","GEO","Microarray","Mus musculus","1000"
"DSA09069","Lymphatic Filariasis","Natural regulatory T cells (nTregs)","GEO","Microarray","Homo sapiens","0"
"DSA09148","Sepsis","Whole blood","GEO","Microarray","Mus musculus","1000"
"DSA09149","Sepsis","Whole blood","GEO","Microarray","Mus musculus","1000"
"DSA09150","Sepsis","Whole blood","GEO","Microarray","Mus musculus","1000"
"DSA09151","Sepsis","Whole blood","GEO","Microarray","Mus musculus","1000"
"DSA09195","H1N1 Influenza","Lung","GEO","Microarray","Mus musculus","51"
"DSA09196","H1N1 Influenza","Lung","GEO","Microarray","Mus musculus","1000"
"DSA09197","H1N1 Influenza","Lung","GEO","Microarray","Mus musculus","813"
"DSA09198","H1N1 Influenza","Lung","GEO","Microarray","Mus musculus","1000"
"DSA09243","Sepsis","Liver","GEO","Microarray","Mus musculus","1000"
"DSA09244","Sepsis","Liver","GEO","Microarray","Mus musculus","0"
"DSA09245","Sepsis","Lung","GEO","Microarray","Mus musculus","1000"
"DSA09246","Sepsis","Lung","GEO","Microarray","Mus musculus","0"
"DSA09247","Sepsis","Spleen","GEO","Microarray","Mus musculus","1000"
"DSA09248","Sepsis","Spleen","GEO","Microarray","Mus musculus","428"
"DSA09249","Sepsis","Blood","GEO","Microarray","Mus musculus","59"
"DSA09250","Sepsis","Blood","GEO","Microarray","Mus musculus","0"
"DSA09255","Schistosomiasis","Liver","GEO","Microarray","Mus musculus","1000"
"DSA09256","Schistosomiasis","Liver","GEO","Microarray","Mus musculus","1000"
"DSA09257","Schistosomiasis","Liver","GEO","Microarray","Mus musculus","1000"
"DSA09258","Urinary Tract Infection","Bladder","GEO","Microarray","Mus musculus","1000"
"DSA09279","Burkitt Lymphoma","Lymph node","GEO","Microarray","Homo sapiens","1000"
"DSA09291","Pneumonia","Liver","GEO","Microarray","Mus musculus","1000"
"DSA09292","Pneumonia","Liver","GEO","Microarray","Mus musculus","136"
"DSA09345","Lyme Disease","Peripheral blood mononuclear cells (PBMCs)","GEO","Microarray","Homo sapiens","1000"
"DSA09346","Lyme Disease","Peripheral blood mononuclear cells (PBMCs)","GEO","Microarray","Homo sapiens","267"
"DSA09362","Rhinovirus Infection","Bronchial epithelial cells","GEO","RNA-Seq","Homo sapiens","1000"
"DSA09391","Hidradenitis Suppurativa","Hair follicle stem cells; Outer Root Sheath Cells (ORS)","GEO","Microarray","Homo sapiens","291"
"DSA09409","Tuberculosis","Blood","GEO","Microarray","Homo sapiens","1000"
"DSA09410","Tuberculosis","Blood","GEO","Microarray","Homo sapiens","1000"
"DSA09415","Hidradenitis Suppurativa","Skin","GEO","Microarray","Homo sapiens","1000"
"DSA09482","Tuberculosis","Blood","GEO","Microarray","Homo sapiens","735"
"DSA09492","Chronic (Viral) Hepatitis B","Liver","GEO","Microarray","Homo sapiens","1000"
"DSA09497","Fatal Familial Insomnia","Thalamus","GEO","Microarray","Homo sapiens","0"
"DSA09498","Fatal Familial Insomnia","Lobe","GEO","Microarray","Homo sapiens","0"
"DSA09507","Chronic Fatigue Syndrome","Blood","GEO","Microarray","Homo sapiens","307"
"DSA09508","Chronic Fatigue Syndrome","Blood","GEO","Microarray","Homo sapiens","233"
"DSA09545","Cerebral Malaria","Brain endothelial cells","GEO","Microarray","Homo sapiens","0"
"DSA09548","Cerebral Malaria","Brain endothelial cells","GEO","Microarray","Homo sapiens","0"
"DSA09674","Kaposi Sarcoma","Lymphatic endothelial cells","GEO","Microarray","Homo sapiens","0"
"DSA09686","Kaposi Sarcoma","Lymphatic endothelial cells","GEO","Microarray","Homo sapiens","0"
"DSA09687","Kaposi Sarcoma","Lymphatic endothelial cell","GEO","Microarray","Homo sapiens","1000"
"DSA09697","Leishmaniasis","Skin","GEO","Microarray","Homo sapiens","1000"
"DSA09698","Leishmaniasis","Skin","GEO","Microarray","Homo sapiens","1000"
"DSA09705","Kaposi Sarcoma","Blood vessel endothelial cell","GEO","Microarray","Homo sapiens","1000"
"DSA09726","Leishmaniasis","Ear","GEO","Microarray","Mus musculus","1000"
"DSA09727","Leishmaniasis","Ear","GEO","Microarray","Mus musculus","1000"
"DSA09728","Leishmaniasis","Ear","GEO","Microarray","Mus musculus","1000"
"DSA09729","Leishmaniasis","Ear","GEO","Microarray","Mus musculus","1000"
"DSA09780","Chagas Cardiomyopathy","Heart","GEO","Microarray","Mus musculus","1000"
"DSA09782","Sepsis","Blood","GEO","Microarray","Homo sapiens","789"
"DSA09783","Sepsis","Blood","GEO","Microarray","Homo sapiens","226"
"DSA09807","Influenza A (H1N1)","Lung","GEO","RNA-Seq","Homo sapiens","1000"
"DSA09829","Influenza","Brain","GEO","snRNA-Seq","Homo sapiens","1000"
"DSA09831","Influenza","Brain","GEO","snRNA-Seq","Homo sapiens","1000"
"DSA09839","Tuberculosis","Blood","GEO","Microarray","Homo sapiens","0"
"DSA09844","Japanese Encephalitis","Monocytes-derived dendritic cells (MoDCs)","GEO","RNA-Seq","Homo sapiens","1000"
"DSA09845","Tuberculosis","Blood","GEO","Microarray","Homo sapiens","92"
"DSA09866","Community Acquired Pneumonia","CD14+ monocytes","GEO","RNA-Seq","Homo sapiens","1000"
"DSA09867","Community Acquired Pneumonia","CD14+ monocytes","GEO","RNA-Seq","Homo sapiens","61"
"DSA09907","Influenza","Whole blood","GEO","RNA-Seq","Homo sapiens","858"
"DSA09916","Kaposi Sarcoma","Endothelial cell","GEO","Microarray","Homo sapiens","6"
"DSA09927","Chronic Mucocutaneous Candidiasis","Skin fibroblasts","GEO","RNA-Seq","Homo sapiens","1000"
"DSA09928","Chronic Mucocutaneous Candidiasis","Skin fibroblasts","GEO","RNA-Seq","Homo sapiens","1000"
"DSA09932","Tuberculosis","Peripheral blood mononuclear cells (PBMCs)","GEO","RNA-Seq","Homo sapiens","328"
"DSA09933","Tuberculosis","Peripheral blood mononuclear cells (PBMCs)","GEO","RNA-Seq","Homo sapiens","4"
"DSA09945","Chronic Mucocutaneous Candidiasis","Skin fibroblasts","GEO","RNA-Seq","Homo sapiens","1000"
"DSA09946","Chronic Mucocutaneous Candidiasis","Skin fibroblasts","GEO","RNA-Seq","Homo sapiens","1000"
"DSA09947","Chronic Mucocutaneous Candidiasis","Skin fibroblasts","GEO","RNA-Seq","Homo sapiens","1000"
"DSA09956","Chronic Mucocutaneous Candidiasis","Skin fibroblasts","GEO","RNA-Seq","Homo sapiens","1000"
"DSA09959","Leprosy","Macrophage","GEO","Microarray","Homo sapiens","1000"
"DSA09962","Chronic Mucocutaneous Candidiasis","Skin fibroblasts","GEO","RNA-Seq","Homo sapiens","1000"
"DSA09964","Epstein-Barr Virus Infection","Peripheral blood","GEO","RNA-Seq","Homo sapiens","1000"
"DSA09965","Epstein-Barr Virus Infection","Peripheral blood","GEO","RNA-Seq","Homo sapiens","1000"
"DSA09966","Epstein-Barr Virus Infection","Peripheral blood","GEO","RNA-Seq","Homo sapiens","1000"
"DSA09967","Epstein-Barr Virus Infection","Peripheral blood","GEO","RNA-Seq","Homo sapiens","1000"
"DSA09976","Influenza","Peripheral blood mononuclear cells (PBMCs)","GEO","RNA-Seq","Homo sapiens","1000"
"DSA09977","Influenza","Peripheral blood mononuclear cells (PBMCs)","GEO","RNA-Seq","Homo sapiens","2"
"DSA09978","Influenza","Peripheral blood mononuclear cells (PBMCs)","GEO","RNA-Seq","Homo sapiens","1000"
"DSA09979","Influenza","Peripheral blood mononuclear cells (PBMCs)","GEO","RNA-Seq","Homo sapiens","1000"
"DSA09980","Influenza","Peripheral blood mononuclear cells (PBMCs)","GEO","RNA-Seq","Homo sapiens","1000"
"DSA09981","Influenza","Peripheral blood mononuclear cells (PBMCs)","GEO","RNA-Seq","Homo sapiens","1000"
"DSA09982","Influenza","Peripheral blood mononuclear cells (PBMCs)","GEO","RNA-Seq","Homo sapiens","1000"
"DSA09983","Influenza","Peripheral blood mononuclear cells (PBMCs)","GEO","RNA-Seq","Homo sapiens","1000"
"DSA09984","Influenza","Peripheral blood mononuclear cells (PBMCs)","GEO","RNA-Seq","Homo sapiens","1000"
"DSA09987","Zika Virus Infection","Embryonic fibroblasts","GEO","RNA-Seq","Mus musculus","209"
"DSA09997","Aspergillosis","Peripheral blood mononuclear cells (PBMCs)","GEO","RNA-Seq","Homo sapiens","1000"
"DSA09998","Candidiasis","Peripheral blood mononuclear cells (PBMCs)","GEO","RNA-Seq","Homo sapiens","1000"
"DSA09999","Mucormycosis","Peripheral blood mononuclear cells (PBMCs)","GEO","RNA-Seq","Homo sapiens","1000"
"DSA10000","Aspergillosis","Peripheral blood mononuclear cells (PBMCs)","GEO","RNA-Seq","Homo sapiens","1000"
"DSA10001","Candidiasis","Peripheral blood mononuclear cells (PBMCs)","GEO","RNA-Seq","Homo sapiens","1000"
"DSA10002","Mucormycosis","Peripheral blood mononuclear cells (PBMCs)","GEO","RNA-Seq","Homo sapiens","1000"
"DSA10003","Chronic Mucocutaneous Candidiasis","Skin fibroblasts","GEO","RNA-Seq","Homo sapiens","1000"
"DSA10008","Chronic Mucocutaneous Candidiasis","Skin fibroblasts","GEO","RNA-Seq","Homo sapiens","117"
"DSA10020","Chronic Mucocutaneous Candidiasis","Skin fibroblasts","GEO","RNA-Seq","Homo sapiens","1000"
"DSA10023","Chronic Mucocutaneous Candidiasis","Skin fibroblasts","GEO","RNA-Seq","Homo sapiens","102"
"DSA10026","Chronic Mucocutaneous Candidiasis","Skin fibroblasts","GEO","RNA-Seq","Homo sapiens","1000"
"DSA10029","Chronic Mucocutaneous Candidiasis","Skin fibroblasts","GEO","RNA-Seq","Homo sapiens","119"
"DSA10030","Chronic Mucocutaneous Candidiasis","Skin fibroblasts","GEO","RNA-Seq","Homo sapiens","1000"
"DSA10031","Chronic Mucocutaneous Candidiasis","Skin fibroblasts","GEO","RNA-Seq","Homo sapiens","98"
"DSA10036","Viral Respiratory Tract Infection","Null","GEO","RNA-Seq","Homo sapiens","1000"
"DSA10037","Viral Respiratory Tract Infection","Null","GEO","RNA-Seq","Homo sapiens","1000"
"DSA10038","Viral Respiratory Tract Infection","Null","GEO","RNA-Seq","Homo sapiens","1000"
"DSA10039","Viral Respiratory Tract Infection","Null","GEO","RNA-Seq","Homo sapiens","1000"
"DSA10040","Viral Respiratory Tract Infection","Null","GEO","RNA-Seq","Homo sapiens","1000"
"DSA10041","Bacterial Sepsis","Whole Blood","GEO","RNA-Seq","Homo sapiens","237"
"DSA10042","Bacterial Sepsis","Whole Blood","GEO","RNA-Seq","Homo sapiens","1000"
"DSA10043","Viral Respiratory Tract Infection","Null","GEO","RNA-Seq","Homo sapiens","1000"
"DSA10044","Viral Respiratory Tract Infection","Null","GEO","RNA-Seq","Homo sapiens","1000"
"DSA10045","Viral Respiratory Tract Infection","Null","GEO","RNA-Seq","Homo sapiens","1000"
"DSA10046","Viral Respiratory Tract Infection","Null","GEO","RNA-Seq","Homo sapiens","1000"
"DSA10047","Bacterial Sepsis","Whole blood","GEO","RNA-Seq","Homo sapiens","1000"
"DSA10048","Viral Respiratory Tract Infection","Null","GEO","RNA-Seq","Homo sapiens","1000"
"DSA10049","Viral Respiratory Tract Infection","Null","GEO","RNA-Seq","Homo sapiens","1000"
"DSA10050","Viral Respiratory Tract Infection","Null","GEO","RNA-Seq","Homo sapiens","1000"
"DSA10058","Influenza","Flu-infected_NK cells","GEO","RNA-Seq","Mus musculus","0"
"DSA10059","Influenza","Flu-infected_NK cells","GEO","RNA-Seq","Mus musculus","1000"
"DSA10060","Chronic Mucocutaneous Candidiasis","Skin fibroblasts","GEO","RNA-Seq","Homo sapiens","1000"
"DSA10064","Acquired Immunodeficiency Syndrome","Primary CD4 positive T-cell","GEO","Microarray","Homo sapiens","0"
"DSA10065","Acquired Immunodeficiency Syndrome","Primary CD4 positive T-cell","GEO","Microarray","Homo sapiens","50"
"DSA10066","Acquired Immunodeficiency Syndrome","Primary CD4 positive T-cell","GEO","Microarray","Homo sapiens","0"
"DSA10068","Leprosy","Whole blood","GEO","RNA-Seq","Homo sapiens","1000"
"DSA10069","Leprosy","Whole blood","GEO","RNA-Seq","Homo sapiens","2"
"DSA10095","Cytomegalovirus Infection","Plasmacytoid dendritic cells","GEO","RNA-Seq","Homo sapiens","473"
"DSA10131","Acquired Immunodeficiency Syndrome","Blood","GEO","RNA-Seq","Homo sapiens","1000"
"DSA10132","Acquired Immunodeficiency Syndrome","Blood","GEO","RNA-Seq","Homo sapiens","1000"